{"IN": {"fmt": "%N%n%O%n%A%n%C %Z%n%S", "id": "data/IN", "key": "IN", "lang": "en", "languages": "en", "name": "INDIA", "posturl": "http://cept.gov.in/lbpsd/placesearch.aspx", "require": "ACSZ", "state_name_type": "state", "sub_isoids": "AN~AP~AR~AS~BR~CH~CT~DN~DD~DL~GA~GJ~HR~HP~JK~JH~KA~KL~LD~MP~MH~MN~ML~MZ~NL~OR~PY~PB~RJ~SK~TN~TG~TR~UP~UL~WB", "sub_keys": "Andaman and Nicobar Islands~Andhra Pradesh~Arunachal Pradesh~Assam~Bihar~Chandigarh~Chhattisgarh~Dadra and Nagar Haveli~Daman and Diu~Delhi~Goa~Gujarat~Haryana~Himachal Pradesh~Jammu and Kashmir~Jharkhand~Karnataka~Kerala~Lakshadweep~Madhya Pradesh~Maharashtra~Manipur~Meghalaya~Mizoram~Nagaland~Odisha~Puducherry~Punjab~Rajasthan~Sikkim~Tamil Nadu~Telangana~Tripura~Uttar Pradesh~Uttarakhand~West Bengal", "sub_names": "Andaman & Nicobar~Andhra Pradesh~Arunachal Pradesh~Assam~Bihar~Chandigarh~Chhattisgarh~Dadra & Nagar Haveli~Daman & Diu~Delhi~Goa~Gujarat~Haryana~Himachal Pradesh~Jammu & Kashmir~Jharkhand~Karnataka~Kerala~Lakshadweep~Madhya Pradesh~Maharashtra~Manipur~Meghalaya~Mizoram~Nagaland~Odisha~Puducherry~Punjab~Rajasthan~Sikkim~Tamil Nadu~Telangana~Tripura~Uttar Pradesh~Uttarakhand~West Bengal", "sub_zips": "744~5[0-3]~79[0-2]~78~8[0-5]~16|1440[3-9]~49~396~396~11~403~3[6-9]~1[23]~17~1[89]~81[4-9]|82|83[0-5]~5[4-9]|53[7-9]~6[7-9]|6010|607008|777~673~4[5-8]|490~4[0-4]~79[56]~79[34]~796~79[78]~7[5-7]~605~1[456]~3[0-4]~737|750~6[0-6]|536~5[0-3]~799~2[0-35-8]|24[0-7]|26[12]~24[46-9]|254|26[23]~7[0-4]", "zip": "\\d{6}", "zip_name_type": "pin", "zipex": "110034,110001"}, "IN/Andaman and Nicobar Islands": {"id": "data/IN/Andaman and Nicobar Islands", "isoid": "AN", "key": "Andaman and Nicobar Islands", "lang": "en", "name": "Andaman & Nicobar", "zip": "744"}, "IN/Andhra Pradesh": {"id": "data/IN/Andhra Pradesh", "isoid": "AP", "key": "Andhra Pradesh", "lang": "en", "name": "Andhra Pradesh", "zip": "5[0-3]"}, "IN/Arunachal Pradesh": {"id": "data/IN/Arunachal Pradesh", "isoid": "AR", "key": "Arunachal Pradesh", "lang": "en", "name": "Arunachal Pradesh", "zip": "79[0-2]"}, "IN/Assam": {"id": "data/IN/Assam", "isoid": "AS", "key": "Assam", "lang": "en", "name": "Assam", "zip": "78"}, "IN/Bihar": {"id": "data/IN/Bihar", "isoid": "BR", "key": "Bihar", "lang": "en", "name": "Bihar", "zip": "8[0-5]"}, "IN/Chandigarh": {"id": "data/IN/Chandigarh", "isoid": "CH", "key": "Chandigarh", "lang": "en", "name": "Chandigarh", "zip": "16|1440[3-9]"}, "IN/Chhattisgarh": {"id": "data/IN/Chhattisgarh", "isoid": "CT", "key": "Chhattisgarh", "lang": "en", "name": "Chhattisgarh", "zip": "49"}, "IN/Dadra and Nagar Haveli": {"id": "data/IN/Dadra and Nagar Haveli", "isoid": "DN", "key": "Dadra and Nagar Haveli", "lang": "en", "name": "Dadra & Nagar Haveli", "zip": "396"}, "IN/Daman and Diu": {"id": "data/IN/Daman and Diu", "isoid": "DD", "key": "Daman and Diu", "lang": "en", "name": "Daman & Diu", "zip": "396"}, "IN/Delhi": {"id": "data/IN/Delhi", "isoid": "DL", "key": "Delhi", "lang": "en", "name": "Delhi", "zip": "11"}, "IN/Goa": {"id": "data/IN/Goa", "isoid": "GA", "key": "Goa", "lang": "en", "name": "Goa", "zip": "403"}, "IN/Gujarat": {"id": "data/IN/Gujarat", "isoid": "GJ", "key": "Gujarat", "lang": "en", "name": "Gujarat", "zip": "3[6-9]"}, "IN/Haryana": {"id": "data/IN/Haryana", "isoid": "HR", "key": "Haryana", "lang": "en", "name": "Haryana", "zip": "1[23]"}, "IN/Himachal Pradesh": {"id": "data/IN/Himachal Pradesh", "isoid": "HP", "key": "Himachal Pradesh", "lang": "en", "name": "Himachal Pradesh", "zip": "17"}, "IN/Jammu and Kashmir": {"id": "data/IN/Jammu and Kashmir", "isoid": "JK", "key": "Jammu and Kashmir", "lang": "en", "name": "Jammu & Kashmir", "zip": "1[89]"}, "IN/Jharkhand": {"id": "data/IN/Jharkhand", "isoid": "JH", "key": "Jharkhand", "lang": "en", "name": "Jharkhand", "zip": "81[4-9]|82|83[0-5]"}, "IN/Karnataka": {"id": "data/IN/Karnataka", "isoid": "KA", "key": "Karnataka", "lang": "en", "name": "Karnataka", "zip": "5[4-9]|53[7-9]"}, "IN/Kerala": {"id": "data/IN/Kerala", "isoid": "KL", "key": "Kerala", "lang": "en", "name": "Kerala", "zip": "6[7-9]|6010|607008|777"}, "IN/Lakshadweep": {"id": "data/IN/Lakshadweep", "isoid": "LD", "key": "Lakshadweep", "lang": "en", "name": "Lakshadweep", "zip": "673"}, "IN/Madhya Pradesh": {"id": "data/IN/Madhya Pradesh", "isoid": "MP", "key": "Madhya Pradesh", "lang": "en", "name": "Madhya Pradesh", "zip": "4[5-8]|490"}, "IN/Maharashtra": {"id": "data/IN/Maharashtra", "isoid": "MH", "key": "Maharashtra", "lang": "en", "name": "Maharashtra", "zip": "4[0-4]"}, "IN/Manipur": {"id": "data/IN/Manipur", "isoid": "MN", "key": "Manipur", "lang": "en", "name": "Manipur", "zip": "79[56]"}, "IN/Meghalaya": {"id": "data/IN/Meghalaya", "isoid": "ML", "key": "Meghalaya", "lang": "en", "name": "Meghalaya", "zip": "79[34]"}, "IN/Mizoram": {"id": "data/IN/Mizoram", "isoid": "MZ", "key": "Mizoram", "lang": "en", "name": "Mizoram", "zip": "796"}, "IN/Nagaland": {"id": "data/IN/Nagaland", "isoid": "NL", "key": "Nagaland", "lang": "en", "name": "Nagaland", "zip": "79[78]"}, "IN/Odisha": {"id": "data/IN/Odisha", "isoid": "OR", "key": "Odisha", "lang": "en", "name": "Odisha", "zip": "7[5-7]"}, "IN/Puducherry": {"id": "data/IN/Puducherry", "isoid": "PY", "key": "Puducherry", "lang": "en", "name": "Puducherry", "zip": "605"}, "IN/Punjab": {"id": "data/IN/Punjab", "isoid": "PB", "key": "Punjab", "lang": "en", "name": "Punjab", "zip": "1[456]"}, "IN/Rajasthan": {"id": "data/IN/Rajasthan", "isoid": "RJ", "key": "Rajasthan", "lang": "en", "name": "Rajasthan", "zip": "3[0-4]"}, "IN/Sikkim": {"id": "data/IN/Sikkim", "isoid": "SK", "key": "Sikkim", "lang": "en", "name": "Sikkim", "zip": "737|750"}, "IN/Tamil Nadu": {"id": "data/IN/Tamil Nadu", "isoid": "TN", "key": "Tamil Nadu", "lang": "en", "name": "Tamil Nadu", "zip": "6[0-6]|536"}, "IN/Telangana": {"id": "data/IN/Telangana", "isoid": "TG", "key": "Telangana", "lang": "en", "name": "Telangana", "zip": "5[0-3]"}, "IN/Tripura": {"id": "data/IN/Tripura", "isoid": "TR", "key": "Tripura", "lang": "en", "name": "Tripura", "zip": "799"}, "IN/Uttar Pradesh": {"id": "data/IN/Uttar Pradesh", "isoid": "UP", "key": "Uttar Pradesh", "lang": "en", "name": "Uttar Pradesh", "zip": "2[0-35-8]|24[0-7]|26[12]"}, "IN/Uttarakhand": {"id": "data/IN/Uttarakhand", "isoid": "UL", "key": "Uttarakhand", "lang": "en", "name": "Uttarakhand", "zip": "24[46-9]|254|26[23]"}, "IN/West Bengal": {"id": "data/IN/West Bengal", "isoid": "WB", "key": "West Bengal", "lang": "en", "name": "West Bengal", "zip": "7[0-4]"}}